{
  "project_info": {
    "project_id": "default-demo-app-ae97a",
    "project_number": "716477993516",
    "name": "Default Demo App"
  },
  "client": [
    {
      "client_info": {
        "mobilesdk_app_id": "1:716477993516:android:27d689d63f1b7a06",
        "client_id": "android:com.google.samples.quickstart.signin",
        "client_type": 1,
        "android_client_info": {
          "package_name": "com.google.samples.quickstart.signin"
        }
      },
      "oauth_client": [
        {
          "client_id": "716477993516-hd5qvut3oab29i77je7ni6vk3go5ic3j.apps.googleusercontent.com",
          "client_type": 1,
          "android_info": {
            "package_name": "com.google.samples.quickstart.signin",
            "certificate_hash": "0FBF2EEF563BE7FF788FBA5FC226AD6286F707B3"
          }
        }
      ],
      "api_key": [],
      "services": {
        "analytics_service": {
          "status": 2,
          "analytics_property": {
            "tracking_id": "UA-71637519-1"
          }
        },
        "cloud_messaging_service": {
          "status": 2,
          "apns_config": []
        },
        "appinvite_service": {
          "status": 1,
          "other_platform_oauth_client": []
        },
        "google_signin_service": {
          "status": 2
        },
        "ads_service": {
          "status": 1
        }
      }
    }
  ],
  "client_info": [],
  "ARTIFACT_VERSION": "1"
}